{"test": [[[2.959831231300075, 2.7152628836582782], [2.3051378238247664, 1.2261294042542588], [2.55469192680874, 1.5013639140182704], [2.9139752279527094, 2.4596719086087497], [2.8398060730129924, 1.106088800079231], [1.054639758062319, 2.8505419879079872], [1.7478140485822338, 2.061595403815816], [2.2633670075358632, 2.9601427912800227], [2.4096130837238534, 0.63230494415166472], [1.4166864327618229, 1.6817922803340792], [2.7813676627579187, 2.3986216497216555], [2.1208389068771183, 0.94457843771876637], [1.9928152648066537, 1.956179412888654], [2.4561390360174467, 2.033244704195293], [2.9498341565937682, 1.4822374947933914], [1.8150293552269232, 1.4793880436432572], [2.4450484521045253, 2.0177575945738786], [0.88707434942370089, 2.793852124899471], [1.8733727690127648, 2.3690039405928012], [2.1473058250931594, 1.35907053000236], [0.48290258948880083, 0.98053575907948376], [1.2278425726468756, 0.28368394821839582], [0.76946876165237921, 1.7122136766099993], [0.19770098389054991, 2.4094024371247169], [1.7176851541064337, 0.74003870708880259], [0.28760366755691946, 0.5514897059757512], [1.9566389336520646, 0.074701138910759801], [0.79315791655429202, 1.2599274512765304], [0.040357522779691735, 0.319935480085899], [2.9171408672513097, 0.027681451957186298], [1.7190305299246034, 0.88965552799590364], [1.5252664348396063, 0.83569496132898879], [1.9414137723811793, 0.67856395273218817], [0.29053258132751392, 0.25151746650910933], [0.74288879821088516, 0.83094394110688286], [0.29077476008224545, 1.2475603326250804], [1.7999987169558067, 1.0840702929755857], [0.26461938349377423, 0.37225860987571002], [2.8473617262471267, 0.12155454516252995], [1.7360065722350657, 0.1866404948167083]], [1, 1, 1, 1, 1, 1, 1, 1, 1, 1, 1, 1, 1, 1, 1, 1, 1, 1, 1, 1, 0, 0, 0, 0, 0, 0, 0, 0, 0, 0, 0, 0, 0, 0, 0, 0, 0, 0, 0, 0]], "train": [[[1.8888839741816827, 1.231670726642387], [2.4076134322654301, 2.2877071962069246], [2.0510440532071335, 1.7249882746119725], [2.7424583583256941, 1.8582978273281001], [1.6837530462590897, 2.9437145555601711], [2.3680115861040227, 2.4866490273714192], [0.78686160812305039, 2.5406077016771889], [1.6380008719363501, 2.6511387344042889], [1.2350972738444306, 1.7885631182689343], [1.5958681474342962, 1.448887591067993], [0.37211749795712623, 2.7098497305126528], [2.4653062061685729, 2.8785716562067902], [2.9734100763422893, 2.4397270127665149], [0.93718759196552581, 2.4298117670425263], [2.998169964324549, 2.33153881301378], [1.1969021537721367, 2.2955360874150221], [2.9503607253976245, 2.9160363618086196], [1.6941705608089177, 1.9442310414094668], [0.72867586514773997, 2.7494012495543974], [1.0460210002716321, 2.1773127362254261], [1.7917251512642483, 2.7319168293570955], [2.5223363938965861, 1.2086041342376426], [1.3750599803639263, 1.9305662407746671], [2.2881233975474151, 2.4040307660189479], [1.008018149338036, 2.2896329988315345], [2.8859301935345862, 1.6950539201869159], [2.4973646967162688, 2.300539834214808], [0.41908978604897418, 2.6476292364219107], [2.2356016340943938, 2.7233485688748029], [2.5565701076262681, 0.869916004664262], [1.3147102269286117, 2.1083694855023145], [2.0682228188774374, 2.6459733332790432], [0.68518209772653382, 2.836646747925569], [2.7309193727670893, 1.7853221224951747], [2.2169806409808346, 2.0222075230584871], [2.9379381232399986, 1.1203751764047105], [2.996213515871788, 0.68451600971676452], [2.6742428288119888, 1.8065586320815021], [2.0809705738387638, 1.1741591566215308], [2.115508033160975, 1.5136626472217385], [2.6394484615134903, 0.83516519175991699], [2.8232571124250292, 1.3015628327111313], [2.1415762081385208, 1.8826004149693274], [1.3520754701928075, 2.169406690605145], [2.3933110503085739, 2.340324949360733], [1.5523973098620703, 1.6509224137760961], [2.4690336282538867, 2.6122251164184709], [2.3853740460877675, 2.5377096103640082], [0.69335987405209654, 2.713610888784614], [1.4842151196962188, 2.7197175040058519], [2.818059788126658, 0.96634847047507844], [2.9764213236739616, 2.4186891234904597], [1.4541104003825596, 2.5557011992314469], [1.6750026965609766, 1.8423145993367358], [2.3904523366195862, 2.4640614020662697], [2.7569486580485432, 0.99714144611150957], [0.66428131307152416, 2.4465298619268783], [2.9268545321328299, 2.2573821069465652], [2.2301397531540292, 0.91126858393232657], [2.8933106102015773, 1.4122186399956465], [2.820405879133995, 2.6571072510639588], [1.6298862384940769, 1.4238464909163158], [2.4431855920697143, 1.2179961396026087], [0.43021011113976837, 2.9961459704578171], [2.5268381632917096, 2.6968451852945332], [1.8107150119434001, 2.8991286846129634], [2.7393589708974502, 2.6369059256541094], [1.9647997125918781, 2.9152749298044407], [2.9587812280985419, 1.4099472085400553], [2.3121401160415829, 1.2160687180364604], [2.4078761092466574, 0.8225416883245531], [2.8088276983954499, 0.46839453002108022], [1.505955010435629, 2.0732900568087462], [1.7846209383681066, 1.2438967391813867], [1.5177367473991632, 1.8849429247980147], [2.6459839534625154, 0.60709444285718417], [1.6270407611509379, 2.2341376033314955], [2.7773263982732357, 2.4822161593467995], [1.5875330264823693, 1.5432196482223171], [1.1731599264196486, 2.4293717089014515], [1.0131138729609748, 2.3982866864832415], [0.6352021399664517, 2.9491338338142623], [2.40335717743891, 1.0940558325056622], [2.1743474777517333, 1.4460586541097955], [2.04698078263683, 2.2130771734918948], [2.6352543706283353, 2.1490599156484675], [1.6091678516770047, 2.8284581478503927], [0.91437283784391055, 2.3324064985951587], [1.9315326531819215, 2.227181945863669], [2.2308859770110603, 1.4242983077749165], [2.0243792264620089, 1.5202153500775246], [1.6155861269677783, 1.3996385632719894], [2.1193894143101044, 1.4507605198342328], [2.9353230529734704, 0.95703561813111471], [1.7354725699680535, 2.6288241515791539], [2.3077678066987906, 2.1051181570204229], [2.9433349135613138, 1.1354348265520298], [0.51349452765540293, 2.9066355390715515], [1.4262390787480803, 1.9439636312781177], [2.1025254607520196, 1.3472167559937887], [1.7943907681101119, 0.66993923513849896], [0.9129846525770462, 0.4590461919908847], [0.39838125685831571, 2.230965437887602], [1.1207563502844726, 1.4302948899874348], [1.4186536674360368, 0.0046270784588097191], [1.1970014703570127, 1.3420788114231916], [1.8912116979075888, 0.93811964560163674], [0.64980352007563202, 0.0041145447864547879], [1.2928549650030219, 1.3156765849769652], [0.16636000691457897, 1.6826753296051624], [0.96454549009245394, 1.6590341198160017], [0.058772744472842975, 0.59665929538248996], [0.66449428021987622, 0.79484128583682401], [1.9583204988210188, 0.14302752034198252], [0.38773473582700702, 2.2499327206853583], [0.86919839468219984, 1.0854059299549428], [0.089114253554942846, 1.3049099108416851], [0.62567621229826997, 0.62719079300066394], [1.1050547116063776, 0.90229414571833544], [2.0026426947257523, 0.18282810822098661], [2.0816559688234628, 0.1964236730623431], [0.14533477933410999, 1.9487206171915341], [1.4228736075567001, 0.074696417235351809], [0.53994963752562031, 1.1426201570791086], [1.8622959398407199, 0.50160696042706476], [1.7355023644655332, 1.2518263233223541], [0.57894601659285339, 0.70415896692785762], [0.49653098825999797, 1.837911071439962], [2.0982115702722632, 0.61453600732300784], [0.23209797990953851, 1.8310571604859374], [1.0270039146519863, 1.8920596145314208], [0.33929579000798527, 1.3248460762945897], [0.022369905798711565, 2.5920091932342091], [0.025813005234945452, 2.7460243815527368], [0.42973292609608027, 0.1021861832975276], [1.0000904149547456, 1.8992928296232914], [0.014317422204159769, 1.3041020323893644], [0.272102337768654, 1.8220653099699227], [2.5550573979662228, 0.13226337245213438], [1.4868156901725178, 0.98676898837707527], [0.66476657805959249, 1.893894373488223], [0.965600268693526, 0.27611058056940185], [0.75561363572163953, 0.99204021517538776], [0.12477283008937423, 1.31259168539547], [1.6303687089113807, 0.16225670665962477], [2.0425802702569973, 