{"test": [[[0.25102385618795964, 0.2208368070283957], [-0.74121361271496378, -0.15173611821553501], [-0.10236847839942143, -0.082672407242833534], [-0.30171249262462663, -0.59888281370984653], [0.076940455079512082, 0.78695733181570482], [0.36324969166512311, 0.07652217848022369], [0.23279673884006846, 0.30066541187194917], [0.79479267422035216, -0.1648344253208982], [-0.038930320686200393, -0.12307571194234268], [-0.56833539105514941, -0.24222139835141232], [-0.04047924208924325, -0.25641284267747189], [0.6689742931823266, 0.26183109748095523], [0.41467933890760467, -0.061568495785909283], [0.7934799549185565, -0.13572603736524602], [0.019015351394803037, -0.84165731756470175], [-0.31753576557290342, -0.5150860042814156], [-0.62763630880390719, 0.50503243816137022], [0.16074344347816938, 0.035103813543390983], [0.30323485419936858, -0.63714704920505039], [0.43947256466049289, 0.36143320540225443], [1.3806789527423806, -0.57081603279223758], [0.3611792017496902, -1.4528840177845788], [-0.90867068516454408, 0.7610788433145097], [0.7905453790458381, -1.3703076738722593], [1.1599178823395042, -1.3803716340091161], [-1.4259834097457504, -0.70789950086631526], [-1.2731599067115118, 0.39640467434850413], [-0.076611143445743934, -1.2947183033496215], [1.2713662498053444, -1.1756245312127149], [-1.3614568838835575, 0.67553033755274283], [1.3931327799652111, 1.1832600085903389], [0.27304260167206129, 1.3826973875484487], [0.55434203842660468, -1.1490512384389602], [-0.20679409057873221, 1.2749265003887178], [-1.1355280958490974, -1.2217640796820033], [-1.4304194642349413, 0.57044758025627385], [1.1156268392650359, 0.25681533380607746], [-0.11881592073921321, -1.2166185001478862], [0.39413331979779409, 1.4448894725384287], [1.2528835726813492, -0.31994986438168871]], [0, 0, 0, 0, 0, 0, 0, 0, 0, 0, 0, 0, 0, 0, 0, 0, 0, 0, 0, 0, 1, 1, 1, 1, 1, 1, 1, 1, 1, 1, 1, 1, 1, 1, 1, 1, 1, 1, 1, 1]], "train": [[[0.87180485007519537, 0.085120226423834877], [-0.35602186726164664, -0.53143676566887188], [-0.18593025051093126, 0.51002975440749387], [-0.53923633525267722, -0.206970588642585], [-0.59753296410563439, 0.18843074350543842], [-0.50630784037975163, -0.61236361245998916], [0.76595949986021572, 0.051319633782449081], [-0.24227458386948619, -0.029750478780172784], [-0.36667689176481266, -0.13833233046522198], [-0.0036633169997830617, -0.18074811832168369], [0.35484569201743899, 0.6528076979132289], [0.42129030812848045, 0.75849558738048506], [-0.067468922870640657, -0.7804097011877662], [-0.694713827424986, 0.077451554734496941], [0.67782432370039269, -0.25616410987681815], [0.085155349906775868, -0.70449463096120368], [-0.42040461003752294, -0.81207864368381233], [0.1769182426289726, 0.1614139372538721], [0.085147930380726322, -0.71551309987550149], [0.18385420741247493, 0.42817181450352293], [-0.40020009524854516, 0.59024458748815922], [-0.21186058625111581, -0.48317890524628004], [0.81438812427752572, -0.29173746674881706], [-0.84938502960235152, 0.012773584509862435], [-0.14909145281009795, 0.95691003106610917], [0.02782633589524508, -0.737336219018766], [0.81452480085535761, -0.47205068286327045], [-0.026773948942409032, 0.42770091874890714], [0.89910889427139118, -0.16106549663387271], [0.35350118556045373, 0.47913280299267802], [0.57448004509934392, 0.15096105923706693], [0.60795739020113015, 0.29585479134504555], [0.62896409979957268, -0.038765024804071846], [0.51793227789671747, 0.68290169124778832], [-0.78688963391178501, -0.45738904641017464], [0.35912171153849681, -0.4274056197740348], [0.77275465134779631, 0.096123989410369148], [0.23446778078857688, -0.36495686636169777], [-0.42392488756043822, -0.82467363362398927], [-0.36185792336215061, -0.11538961015834115], [0.70139104749774495, 0.56874386259580034], [0.58873106435259004, 0.30195191725013548], [0.41824546173978217, 0.43676691814129076], [0.22900673176606778, -0.42239424622883526], [0.31081377470272531, -0.29832177359142187], [0.15053681318092127, 0.45705593724699956], [-0.58169905359513785, -0.033687295354257074], [-0.53687839506492785, 0.038786380380239294], [0.19555303919676348, -0.41537151979180109], [0.6573610371538019, -0.33498246784626473], [0.020745138581683031, -0.49806100909538431], [-0.69682413452315006, 0.57276165267601775], [0.55222641371325798, -0.55087276770884075], [-0.63581776919376121, 0.21600407335031457], [-0.92440624737634836, 0.21240102125143756], [-0.85747217377544405, 0.48349696600049796], [0.10747432615448727, -0.86227629920912729], [-0.27829776342075419, -0.063481289883860814], [-0.28860188279322418, 0.15028096057946239], [-0.41282226519046938, 0.45022327115408034], [-0.075842477381409035, -0.90617734335482081], [-0.040508467874385445, -0.72406488939642522], [0.42471041738111981, -0.24280690303210051], [0.028044455755909858, 0.26054132031103205], [0.5736414560068559, -0.0035286814465322891], [0.7646116794765303, -0.24319202971353304], [-0.10157260529821155, 0.50424284671301667], [0.51494089922411423, -0.12453834577173972], [-0.39601461184154907, -0.66274655258874859], [0.35415678145180296, 0.68095365064242808], [-0.4740141656762924, -0.60556768687725038], [0.86569334610984128, 0.32869332994077194], [0.0037670299317160705, -0.99547845610256269], [-0.18557970297314852, 0.53424046972457018], [-0.089099681876431136, -0.34001941101132571], [-0.5962487257216611, 0.43846439472621368], [-0.67981384649807142, 0.20978097294528486], [0.43632000114921121, 0.02832329851657911], [0.10528952950289328, 0.16618663054619476], [-0.032169335350846984, 0.15568569674508548], [0.078013416235311883, -0.37305450089223813], [-0.63366305908293108, 0.30076179823544513], [0.50019738363165378, 0.035618138694285761], [0.71449030714654027, 0.25043591071653815], [0.80957386221405669, 0.27392543855396534], [-0.17487667762417858, 0.0070669239907410475], [0.17504406818075657, -0.79347767536178893], [0.030894534274573004, -0.50057528748098923], [0.089140509806504786, -0.52163939521666114], [-0.58475250946893453, 0.047767247302219706], [-0.53908974960255662, 0.82097660187703458], [0.74334126615789353, 0.014937931389617631], [-0.049585017443970036, 0.60796747352449132], [0.38756963255966959, -0.16357404475955195], [-0.72472073773305401, 0.63121266772671025], [-0.64870301588343304, 0.68195709084308365], [-0.63762071828456102, 0.42748347020138633], [-0.44401946075012355, 0.7349443269582423], [-0.36621500539995777, -0.38858432844730451], [0.11908664175604322, 0.62334544413484494], [-1.3408100460946091, 1.2340935741985075], [-0.70643243424898272, -0.81261310141467624], [0.59291034826834066, 1.4267866328188843], [-1.3494838217038274, -1.4052949671703292], [0.98793573038740679, 0.46499714205505471], [-1.437812480153744, -0.47551989646133874], [0.55281448611382178, 1.1681251695731851], [1.2748679020154299, 0.74294925351234964], [-1.2010667763837186, -1.0658987722222544], [1.3668587652018727, 0.33734381370439515], [1.2164908577670728, -0.86844417128471152], [-1.3880619804150574, 0.42791865595935885], [1.4683056567928463, -1.0387970204801154], [1.436082606197608, 1.3508790516592213], [1.0568418439121254, 0.66490238986801131], [1.2765889582287282, 0.92426269471204758], [1.4734349361349377, -0.91726331464863087], [-1.3201953191449523, 1.4436517111246889], [0.54953325481394488, -1.2343673705146174], [1.2879335481013219, 1.0917127831242119], [-0.45137261436692144, 1.2948841743694888], [1.2764268937624461, -0.68854551069455572], [-1.2484819058343199, -0.95180480750383945], [0.51785885469543391, -1.4343254762944253], [0.55060246187916828, -1.1443756686542144], [1.2659017525504455, -0.58516196774368889], [0.21741263333447924, 1.4673383628507395], [-1.0749406885747446, -0.01422606734141274], [-1.1309366282881714, -0.43617275270344713], [1.3906253366193844, 0.57240599806452597], [1.0522569460099072, 0.20791117928600311], [-0.80588664383997721, 0.86261909020206318], [1.0833647055333753, -1.4019805618614498], [0.4105829409770918, -1.4358641470489002], [1.4651632903934866, 0.11330643914396576], [0.32047173843903298, 