{"mu": {"0": [[-0.4804644837314208, 1.2204770421199727], [0.7360701898339926, 0.724284561401991], [0.7840907619764338, 0.6364696508451677]], "1": [[0.7345454713555918, 0.38307936835124506], [0.7634333458262509, 0.7247014481610088], [-0.4810289597717845, 1.2209360315919802]], "2": [[0.7589603463932411, 0.6797694399017237], [-0.6394637166412946, 1.4746035002427056], [-0.32592059965446146, 0.9713359189258471]], "3": [[0.809474756047396, 0.6047908316826129], [-0.48048922947131856, 1.2205071578887419], [0.7339987011267146, 0.7200192713524655]], "4": [[-0.6394637166412946, 1.4746035002427056], [-0.32592059965446146, 0.9713359189258469], [0.7589603463932411, 0.6797694399017237]]}, "cov": {"0": [[0.06143810549471747, -0.024997782759187476, -0.024997782759187476, 0.0814997459336095], [0.026192707682993074, 0.0056590918263808, 0.0056590918263808, 0.028755915958709504], [0.025797239897600445, -0.020131241122760327, -0.020131241122760327, 0.048151165898585854]], "1": [[0.0513118669971138, -0.026374479682924126, -0.026374479682924126, 0.018832288774893617], [0.023110754433358013, -0.006975507686132009, -0.00697550768613201, 0.028368335922627625], [0.06106465465915254, -0.024677604606581322, -0.024677604606581322, 0.08128286576290858]], "2": [[0.02717033282664082, -0.0084004126553712, -0.0084004126553712, 0.040441962978892076], [0.035968049493834434, 0.015492720439464062, 0.015492720439464062, 0.019351843047296854], [0.036049434543354936, 0.01463883382318164, 0.01463883382318164, 0.016291486851490317]], "3": [[0.02438188684371044, -0.021699897797951687, -0.021699897797951687, 0.049810015629529046], [0.06142322287095428, -0.024976574437304104, -0.024976574437304104, 0.08148258768051732], [0.02578083297137432, 0.0016988508638069435, 0.0016988508638069435, 0.0308688679045693]], "4": [[0.035968049493834434, 0.01549272043946406, 0.01549272043946406, 0.019351843047296858], [0.036049434543354936, 0.014638833823181655, 0.014638833823181655, 0.016291486851490324], [0.02717033282664082, -0.0084004126553712, -0.0084004126553712, 0.040441962978892076]]}}